Jeffry,Alley,jalley@gmail.com,passjalley
Samual,Forney,sforney@gmail.com,passsforney
Mickey,Logsdon,mlogsdon@gmail.com,passmlogsdon
Hank,Lomax,hlomax@gmail.com,passhlomax
Kory,Mcfadden,kmcfadden@gmail.com,passkmcfadden
Arden,Schaefer,aschaefer@gmail.com,passaschaefer
Leonardo,Back,lback@gmail.com,passlback
Paris,Bronson,pbronson@gmail.com,passpbronson
Martin,Lacksin,placksin@gmail.com,passplacksin
Daron,Lima,dlima@gmail.com,passdlima
Chong,Keys,ckeys@gmail.com,passckeys
Aron,Mayfield,amayfield@gmail.com,passamayfield